,0,1,2,3,4,5,,,,,,,,,,,,,,,,,,,,,,,,,,,,,,,
0,run_0,FD001-->FD002,20.76631396,5065.67468,19.92345729,4299.476416,,,,,,,,,,,,,,,,,,,,,,,,,,,,,,,
1,run_1,FD001-->FD002,20.76631396,5065.67468,19.51165478,4629.518771,,,,,,,,,,,,,,,,,,,,,,,,,,,,,,,
2,run_2,FD001-->FD002,20.76631396,5065.67468,20.11311821,5220.400558,,,,,,,,,,,,,,,,,,,,,,,,,,,,,,,
3,run_3,FD001-->FD002,20.76631396,5065.67468,20.55472081,5294.668487,,,,,,,,,,,,,,,,,,,,,,,,,,,,,,,
4,run_4,FD001-->FD002,20.76631396,5065.67468,20.02114391,4164.047683,,,,,,,,,,,,,,,,,,,,,,,,,,,,,,,
5,run_5,FD001-->FD002,20.76631396,5065.67468,20.13493905,4133.683247,,,,FD001-->FD002,20.76631396,5065.67468,20.13493905,4133.683247,,FD001-->FD003,48.52335205,23762.0978,39.50320206,10320.1258,,FD001-->FD004,34.14751595,12518.81861,32.42317787,14057.07462,,,,,,,,,,,
6,run_6,FD001-->FD002,20.76631396,5065.67468,19.63016404,4537.147891,,,,FD001-->FD002,20.76631396,5065.67468,19.63016404,4537.147891,,FD001-->FD003,48.52335205,23762.0978,40.25779209,11459.77002,,FD001-->FD004,34.14751595,12518.81861,31.57917511,11173.54009,,,,,,,,,,,
7,run_7,FD001-->FD002,20.76631396,5065.67468,20.11293884,4283.827994,,,,FD001-->FD002,20.76631396,5065.67468,20.11293884,4283.827994,,FD001-->FD003,48.52335205,23762.0978,39.68525181,10434.01609,,FD001-->FD004,34.14751595,12518.81861,31.64706688,12732.19088,,,,,,,,,,,
8,run_8,FD001-->FD002,20.76631396,5065.67468,19.93122904,4106.17496,,,,FD001-->FD002,20.76631396,5065.67468,19.93122904,4106.17496,,FD001-->FD003,48.52335205,23762.0978,39.82345924,11017.04901,,FD001-->FD004,34.14751595,12518.81861,31.58407791,11368.63986,,,,,,,,,,,
9,run_9,FD001-->FD002,20.76631396,5065.67468,19.55639183,5069.265261,,,,FD001-->FD002,20.76631396,5065.67468,19.55639183,5069.265261,,FD001-->FD003,48.52335205,23762.0978,39.45411682,10326.32156,,FD001-->FD004,34.14751595,12518.81861,31.66704674,12513.9289,,,,,,,,,,,
10,mean,0,20.77,5065.67,19.95,4573.82,,,,,,,19.87,4426.019871,,,,,39.74,10711.4565,,,,,31.78,12369.07487,,,,,,,,,,,
11,std,0,0,0,0.3,439.01,,,,,,,0.27,398.1501187,,,,,0.32,507.8882091,,,,,0.36,1165.370402,,,,,,,,,,,
12,run_0,FD001-->FD003,48.52335205,23762.0978,39.72486534,10619.13298,,,,FD002-->FD001,15.47949939,657.2163912,14.31360979,458.5682305,,FD002-->FD003,33.98748589,3504.472793,33.12271023,3848.933287,,FD002-->FD004,36.08407425,12715.06422,34.52622475,12790.19502,,,,,,,,,,,
13,run_1,FD001-->FD003,48.52335205,23762.0978,39.60450649,10550.0308,,,,FD002-->FD001,15.47949939,657.2163912,14.39446473,456.5766488,,FD002-->FD003,33.98748589,3504.472793,32.24065838,3246.074804,,FD002-->FD004,36.08407425,12715.06422,34.14107582,12007.74063,,,,,,,,,,,
14,run_2,FD001-->FD003,48.52335205,23762.0978,39.43895302,10383.40123,,,,FD002-->FD001,15.47949939,657.2163912,14.37480688,461.9768078,,FD002-->FD003,33.98748589,3504.472793,32.55975113,3425.241774,,FD002-->FD004,36.08407425,12715.06422,33.98250298,11147.16967,,,,,,,,,,,
15,run_3,FD001-->FD003,48.52335205,23762.0978,39.40463753,10494.02319,,,,FD002-->FD001,15.47949939,657.2163912,14.46485462,473.7743203,,FD002-->FD003,33.98748589,3504.472793,32.22020054,3280.308458,,FD002-->FD004,36.08407425,12715.06422,33.68831886,10942.44964,,,,,,,,,,,
16,run_4,FD001-->FD003,48.52335205,23762.0978,39.52132645,10441.1339,,,,FD002-->FD001,15.47949939,657.2163912,14.10999765,425.1849933,,FD002-->FD003,33.98748589,3504.472793,32.84618492,3445.473415,,FD002-->FD004,36.08407425,12715.06422,35.41367279,14246.59651,,,,,,,,,,,
17,run_5,FD001-->FD003,48.52335205,23762.0978,39.50320206,10320.1258,,,,,,,14.33,455.2162001,,,,,32.60,3449.206348,,,,,34.35,12226.83029,,,398.1501187,507.8882091,1165.370402,18.06287596,239.8743329,1347.232014,99.03701302,1557.087142,27208.83545
18,run_6,FD001-->FD003,48.52335205,23762.0978,40.25779209,11459.77002,,,,,,,0.14,18.06287596,,,,,0.39,239.8743329,,,,,0.67,1347.232014,,,,,,,,,,,
19,run_7,FD001-->FD003,48.52335205,23762.0978,39.68525181,10434.01609,,,,FD003-->FD001,33.02677975,34538.46712,19.86993036,1331.509726,,FD003-->FD002,33.00681254,270078.3787,23.16642185,23285.94161,,FD003-->FD004,27.106182,113835.0558,25.73332279,38393.23998,,,,,,,,,,,
20,run_8,FD001-->FD003,48.52335205,23762.0978,39.82345924,11017.04901,,,,FD003-->FD001,33.02677975,34538.46712,19.61166563,1323.000983,,FD003-->FD002,33.00681254,270078.3787,23.057773,19920.03735,,FD003-->FD004,27.106182,113835.0558,25.63101673,42308.77093,,,,,2407.710541,1723.338918,70.5644718,,,,
21,run_9,FD001-->FD003,48.52335205,23762.0978,39.45411682,10326.32156,,,,FD003-->FD001,33.02677975,34538.46712,20.38371506,1485.935984,,FD003-->FD002,33.00681254,270078.3787,23.23489567,21242.78837,,FD003-->FD004,27.106182,113835.0558,26.66661514,90420.93366,,,,,,,,,,,
22,mean,0,48.52,23762.1,39.64,10604.5,,,,FD003-->FD001,33.02677975,34538.46712,19.48160257,1302.137383,,FD003-->FD002,33.00681254,270078.3787,23.35085289,19870.65738,,FD003-->FD004,27.106182,113835.0558,27.71723049,16731.84414,,,,,,,,,,,
23,std,0,0,0,0.24,343.51,,,,FD003-->FD001,33.02677975,34538.46712,20.48810349,1510.004696,,FD003-->FD002,33.00681254,270078.3787,24.55249034,19499.75327,,FD003-->FD004,27.106182,113835.0558,25.89575382,55884.56385,,,,,,,,,,,
24,run_0,FD001-->FD004,34.14751595,12518.81861,32.39081619,11198.00458,,,,,,,19.97,1390.517754,,,,,23.47,20763.8356,,,,,26.33,48747.87051,,,,,,,,,,,
25,run_1,FD001-->FD004,34.14751595,12518.81861,32.18070679,11565.64198,,,,,,,0.451800833,99.03701302,,,,,0.61,1557.087142,,,,,0.88,27208.83545,,,,,,,,,,,
26,run_2,FD001-->FD004,34.14751595,12518.81861,31.73788383,12078.46929,,,,FD004-->FD001,39.29979343,161724.2676,37.66,118598.5991,,FD004-->FD002,31.31064525,96527.0635,28.80213378,61105.2795,,FD004-->FD003,19.25913982,1861.005545,14.02,537.6374031,,,,,,,,,,,
27,run_3,FD001-->FD004,34.14751595,12518.81861,31.9347364,12858.43047,,,,FD004-->FD001,39.29979343,161724.2676,37.98573265,122266.508,,FD004-->FD002,31.31064525,96527.0635,29.2334536,62685.59282,,FD004-->FD003,19.25913982,1861.005545,14.35589314,540.7876821,,,,,,,,,,,
28,run_4,FD001-->FD004,34.14751595,12518.81861,32.00432373,12427.99234,,,,FD004-->FD001,39.29979343,161724.2676,37.91166019,122101.1765,,FD004-->FD002,31.31064525,96527.0635,28.49760686,62547.70641,,FD004-->FD003,19.25913982,1861.005545,14.26240177,638.4618401,,,,,,,,,,,
29,run_5,FD001-->FD004,34.14751595,12518.81861,32.42317787,14057.07462,,,,FD004-->FD001,39.29979343,161724.2676,38.09337616,125059.7264,,FD004-->FD002,31.31064525,96527.0635,28.38210546,60102.37284,,FD004-->FD003,19.25913982,1861.005545,14.05527191,530.3652441,,,,,,,,,,,
30,run_6,FD001-->FD004,34.14751595,12518.81861,31.57917511,11173.54009,,,,FD004-->FD001,39.29979343,161724.2676,37.79664364,120357.3616,,FD004-->FD002,31.31064525,96527.0635,28.9307755,64634.24862,,FD004-->FD003,19.25913982,1861.005545,13.9826129,439.2016175,,,,,,,,,,,
31,run_7,FD001-->FD004,34.14751595,12518.81861,31.64706688,12732.19088,,,,,,,37.89,121676.6743,,,,,28.77,62215.04004,,,,,14.14,537.2907574,,,,,,,,,,,
32,run_8,FD001-->FD004,34.14751595,12518.81861,31.58407791,11368.63986,,,,,,,0.17,2407.710541,,,,,0.34,1723.338918,,,,,0.16,70.5644718,,,,,,,,,,,
33,run_9,FD001-->FD004,34.14751595,12518.81861,31.66704674,12513.9289,,,,,,,,,,,,,,,,,,,,,,,,,,,,,,,
34,mean,0,34.15,12518.82,31.91,12197.39,,,,,,,,,,,,,,,,,,,,,,,,,,,,,,,
35,std,0,0,0,0.31,864.98,,,,,,,,Average of 5 consecutive runs,,,,,,,,,Average of 5 consecutive runs,,,,,,,,,,,,,,
36,run_0,FD002-->FD001,15.47949939,657.2163912,14.04115677,442.2323091,,,,,,,,,,RMSE,STD,Score,STD,,,,,RMSE,Score,,,,,,,,,,,,
37,run_1,FD002-->FD001,15.47949939,657.2163912,14.29232378,475.2181215,,,,,,,26.93666667,24914.08609,FD001-->FD002,19.87,0.27,4426,398,,,,FD001-->FD002,19.87±0.27,4426±398,,,,,,,,,,,,
38,run_2,FD002-->FD001,15.47949939,657.2163912,14.11084447,433.7104309,,,,,,,,,FD001-->FD003,39.74,0.32,10711,508,,,,FD001-->FD003,39.74±0.32,10711±508,,,,,,,,,,,,
39,run_3,FD002-->FD001,15.47949939,657.2163912,14.32494245,476.383968,,,,,,,,,FD001-->FD004,31.78,0.36,12369,1165,,,,FD001-->FD004,31.78±0.36,12369±1165,,,,,,,,,,,,
40,run_4,FD002-->FD001,15.47949939,657.2163912,14.00093088,408.7334991,,,,,,,,,FD002-->FD001,14.33,0.14,455,18,,,,FD002-->FD001,14.33±0.14,455±18,,,,,,,,,,,,
41,run_5,FD002-->FD001,15.47949939,657.2163912,14.31360979,458.5682305,,,,,,,,,FD002-->FD003,32.60,0.39,3449,240,,,,FD002-->FD003,32.6±0.39,3449±240,,,,,,,,,,,,
42,run_6,FD002-->FD001,15.47949939,657.2163912,14.39446473,456.5766488,,,,,,,,,FD002-->FD004,34.35,0.67,12227,1347,,,,FD002-->FD004,34.35±0.67,12227±1347,,,,,,,,,,,,
43,run_7,FD002-->FD001,15.47949939,657.2163912,14.37480688,461.9768078,,,,,,,,,FD003-->FD001,19.97,0.45,1391,99,,,,FD003-->FD001,19.97±0.45,1391±99,,,,,,,,,,,,
44,run_8,FD002-->FD001,15.47949939,657.2163912,14.46485462,473.7743203,,,,,,,,,FD003-->FD002,23.47,0.61,20764,1557,,,,FD003-->FD002,23.47±0.61,20764±1557,,,,,,,,,,,,
45,run_9,FD002-->FD001,15.47949939,657.2163912,14.10999765,425.1849933,,,,,,,,,FD003-->FD004,26.33,0.88,48748,27209,,,,FD003-->FD004,26.33±0.88,48748±27209,,,,,,,,,,,,
46,mean,0,15.48,657.22,14.24,451.24,,,,,,,,,FD004-->FD001,37.89,0.17,121677,2408,,,,FD004-->FD001,37.89±0.17,121677±2408,,,,,,,,,,,,
47,std,0,0,0,0.15,21.88,,,,,,,,,FD004-->FD002,28.77,0.34,62215,1723,,,,FD004-->FD002,28.77±0.34,62215±1723,,,,,,,,,,,,
48,run_0,FD002-->FD003,33.98748589,3504.472793,32.16053581,3134.500986,,,,,,,,,FD004-->FD003,14.13,0.16,537,71,,,,FD004-->FD003,14.13±0.16,537±71,,,,,,,,,,,,
49,run_1,FD002-->FD003,33.98748589,3504.472793,33.75036736,4075.608558,,,,,,,,,,26.94,,24914,,,,,,,,,,,,,,,,,,,
50,run_2,FD002-->FD003,33.98748589,3504.472793,32.14731121,2981.916453,,,,,,,,,,,,,,,,,,,,,,,,,,,,,,,
51,run_3,FD002-->FD003,33.98748589,3504.472793,33.06652794,3731.220896,,,,,,,,,,,,,,,,,,,,,,,,,,,,,,,
52,run_4,FD002-->FD003,33.98748589,3504.472793,34.05038757,4191.763616,,,,,,,,,,,,,,,,,,,,,,,,,,,,,,,
53,run_5,FD002-->FD003,33.98748589,3504.472793,33.12271023,3848.933287,,,,,,,,,,,,,,,,,,,,,,,,,,,,,,,
54,run_6,FD002-->FD003,33.98748589,3504.472793,32.24065838,3246.074804,,,,,,,,,,,,,,,,,,,,,,,,,,,,,,,
55,run_7,FD002-->FD003,33.98748589,3504.472793,32.55975113,3425.241774,,,,,,,,,,,,,,,,,,,,,,,,,,,,,,,
56,run_8,FD002-->FD003,33.98748589,3504.472793,32.22020054,3280.308458,,,,,,,,,,,,,,,,,,,,,,,,,,,,,,,
57,run_9,FD002-->FD003,33.98748589,3504.472793,32.84618492,3445.473415,,,,,,,,,,,,,,,,,,,,,,,,,,,,,,,
58,mean,0,33.99,3504.47,32.82,3536.1,,,,,,,,,,,,,,,,,,,,,,,,,,,,,,,
59,std,0,0,0,0.65,386.7,,,,,,,,,,,,,,,,,,,,,,,,,,,,,,,
60,run_0,FD002-->FD004,36.08407425,12715.06422,34.74379486,12841.80311,,,,,,,,,,,0.27,0.32,0.36,,,,,,,,,,,,,,,,,,
61,run_1,FD002-->FD004,36.08407425,12715.06422,34.36665291,12001.44469,,,,,,,,,,,,,,,,,,,,,,,,,,,,,,,
62,run_2,FD002-->FD004,36.08407425,12715.06422,35.32995224,14006.22645,,,,,,,,,,,,,,,,,,,,,,,,,,,,,,,
63,run_3,FD002-->FD004,36.08407425,12715.06422,35.9127697,15641.42117,,,,,,,,,,,,,,,,,,,,,,,,,,,,,,,
64,run_4,FD002-->FD004,36.08407425,12715.06422,35.20585052,13866.87563,,,,,,,,,,,,,,,,,,,,,,,,,,,,,,,
65,run_5,FD002-->FD004,36.08407425,12715.06422,34.52622475,12790.19502,,,,,,,,,,,,,,,,,,,,,,,,,,,,,,,
66,run_6,FD002-->FD004,36.08407425,12715.06422,34.14107582,12007.74063,,,,,,,,,,,,,,,,,,,,,,,,,,,,,,,
67,run_7,FD002-->FD004,36.08407425,12715.06422,33.98250298,11147.16967,,,,,,,,,,,,,,,,,,,,,,,,,,,,,,,
68,run_8,FD002-->FD004,36.08407425,12715.06422,33.68831886,10942.44964,,,,,,,,,,,,,,,,,,,,,,,,,,,,,,,
69,run_9,FD002-->FD004,36.08407425,12715.06422,35.41367279,14246.59651,,,,,,,,,,,,,,,,,,,,,,,,,,,,,,,
70,mean,0,36.08,12715.06,34.73,12949.19,,,,,,,,,,,,,,,,,,,,,,,,,,,,,,,
71,std,0,0,0,0.68,1413.74,,,,,,,,,,,,,,,,,,,,,,,,,,,,,,,
72,run_0,FD003-->FD001,33.02677975,34538.46712,19.81508036,1343.374142,,,,,,,,,,,,,,,,,,,,,,,,,,,,,,,
73,run_1,FD003-->FD001,33.02677975,34538.46712,18.64440556,1110.108344,,,,,,,,,,,,,,,,,,,,,,,,,,,,,,,
74,run_2,FD003-->FD001,33.02677975,34538.46712,19.31096954,1245.97173,,,,,,,,,,,,,,,,,,,,,,,,,,,,,,,
75,run_3,FD003-->FD001,33.02677975,34538.46712,21.42811079,1757.926628,,,,,,,,,,,,,,,,,,,,,,,,,,,,,,,
76,run_4,FD003-->FD001,33.02677975,34538.46712,19.78795414,1343.248109,,,,,,,,,,,,,,,,,,,,,,,,,,,,,,,
77,run_5,FD003-->FD001,33.02677975,34538.46712,19.86993036,1331.509726,,,,,,,,,,,,,,,,,,,,,,,,,,,,,,,
78,run_6,FD003-->FD001,33.02677975,34538.46712,19.61166563,1323.000983,,,,,,,,,,,,,,,,,,,,,,,,,,,,,,,
79,run_7,FD003-->FD001,33.02677975,34538.46712,20.38371506,1485.935984,,,,,,,,,,,,,,,,,,,,,,,,,,,,,,,
80,run_8,FD003-->FD001,33.02677975,34538.46712,19.48160257,1302.137383,,,,,,,,,,,,,,,,,,,,,,,,,,,,,,,
81,run_9,FD003-->FD001,33.02677975,34538.46712,20.48810349,1510.004696,,,,,,,,,,,,,,,,,,,,,,,,,,,,,,,
82,mean,0,33.03,34538.47,19.88,1375.32,,,,,,,,,,,,,,,,,,,,,,,,,,,,,,,
83,std,0,0,0,0.72,166.1,,,,,,,,,,,,,,,,,,,,,,,,,,,,,,,
84,run_0,FD003-->FD002,33.00681254,270078.3787,23.7155765,17395.85089,,,,,,,,,,,,,,,,,,,,,,,,,,,,,,,
85,run_1,FD003-->FD002,33.00681254,270078.3787,23.60459599,18967.70631,,,,,,,,,,,,,,,,,,,,,,,,,,,,,,,
86,run_2,FD003-->FD002,33.00681254,270078.3787,23.20285141,20770.18681,,,,,,,,,,,,,,,,,,,,,,,,,,,,,,,
87,run_3,FD003-->FD002,33.00681254,270078.3787,23.42189,25542.26868,,,,,,,,,,,,,,,,,,,,,,,,,,,,,,,
88,run_4,FD003-->FD002,33.00681254,270078.3787,23.48293092,25490.89656,,,,,,,,,,,,,,,,,,,,,,,,,,,,,,,
89,run_5,FD003-->FD002,33.00681254,270078.3787,23.16642185,23285.94161,,,,,,,,,,,,,,,,,,,,,,,,,,,,,,,
90,run_6,FD003-->FD002,33.00681254,270078.3787,23.057773,19920.03735,,,,,,,,,,,,,,,,,,,,,,,,,,,,,,,
91,run_7,FD003-->FD002,33.00681254,270078.3787,23.23489567,21242.78837,,,,,,,,,,,,,,,,,,,,,,,,,,,,,,,
92,run_8,FD003-->FD002,33.00681254,270078.3787,23.35085289,19870.65738,,,,,,,,,,,,,,,,,,,,,,,,,,,,,,,
93,run_9,FD003-->FD002,33.00681254,270078.3787,24.55249034,19499.75327,,,,,,,,,,,,,,,,,,,,,,,,,,,,,,,
94,mean,0,33.01,270078.38,23.48,21198.61,,,,,,,,,,,,,,,,,,,,,,,,,,,,,,,
95,std,0,0,0,0.41,2599.15,,,,,,,,,,,,,,,,,,,,,,,,,,,,,,,
96,run_0,FD003-->FD004,27.106182,113835.0558,25.74824322,39548.6389,,,,,,,,,,,,,,,,,,,,,,,,,,,,,,,
97,run_1,FD003-->FD004,27.106182,113835.0558,25.82387665,60845.6066,,,,,,,,,,,,,,,,,,,,,,,,,,,,,,,
98,run_2,FD003-->FD004,27.106182,113835.0558,25.93450684,51774.2585,,,,,,,,,,,,,,,,,,,,,,,,,,,,,,,
99,run_3,FD003-->FD004,27.106182,113835.0558,26.31764984,28890.45606,,,,,,,,,,,,,,,,,,,,,,,,,,,,,,,
100,run_4,FD003-->FD004,27.106182,113835.0558,25.72458527,45958.03086,,,,,,,,,,,,,,,,,,,,,,,,,,,,,,,
101,run_5,FD003-->FD004,27.106182,113835.0558,25.73332279,38393.23998,,,,,,,,,,,,,,,,,,,,,,,,,,,,,,,
102,run_6,FD003-->FD004,27.106182,113835.0558,25.63101673,42308.77093,,,,,,,,,,,,,,,,,,,,,,,,,,,,,,,
103,run_7,FD003-->FD004,27.106182,113835.0558,26.66661514,90420.93366,,,,,,,,,,,,,,,,,,,,,,,,,,,,,,,
104,run_8,FD003-->FD004,27.106182,113835.0558,27.71723049,16731.84414,,,,,,,,,,,,,,,,,,,,,,,,,,,,,,,
105,run_9,FD003-->FD004,27.106182,113835.0558,25.89575382,55884.56385,,,,,,,,,,,,,,,,,,,,,,,,,,,,,,,
106,mean,0,27.11,113835.06,26.12,47075.63,,,,,,,,,,,,,,,,,,,,,,,,,,,,,,,
107,std,0,0,0,0.61,18909.15,,,,,,,,,,,,,,,,,,,,,,,,,,,,,,,
108,run_0,FD004-->FD001,39.29979343,161724.2676,37.83185902,119997.6612,,,,,,,,,,,,,,,,,,,,,,,,,,,,,,,
109,run_1,FD004-->FD001,39.29979343,161724.2676,38.08797836,123685.629,,,,,,,,,,,,,,,,,,,,,,,,,,,,,,,
110,run_2,FD004-->FD001,39.29979343,161724.2676,37.88551769,124111.8362,,,,,,,,,,,,,,,,,,,,,,,,,,,,,,,
111,run_3,FD004-->FD001,39.29979343,161724.2676,37.94063683,121396.2429,,,,,,,,,,,,,,,,,,,,,,,,,,,,,,,
112,run_4,FD004-->FD001,39.29979343,161724.2676,37.48226414,117552.8226,,,,,,,,,,,,,,,,,,,,,,,,,,,,,,,
113,run_5,FD004-->FD001,39.29979343,161724.2676,37.66331863,118598.5991,,,,,,,,,,,,,,,,,,,,,,,,,,,,,,,
114,run_6,FD004-->FD001,39.29979343,161724.2676,37.98573265,122266.508,,,,,,,,,,,,,,,,,,,,,,,,,,,,,,,
115,run_7,FD004-->FD001,39.29979343,161724.2676,37.91166019,122101.1765,,,,,,,,,,,,,,,,,,,,,,,,,,,,,,,
116,run_8,FD004-->FD001,39.29979343,161724.2676,38.09337616,125059.7264,,,,,,,,,,,,,,,,,,,,,,,,,,,,,,,
117,run_9,FD004-->FD001,39.29979343,161724.2676,37.79664364,120357.3616,,,,,,,,,,,,,,,,,,,,,,,,,,,,,,,
118,mean,0,39.3,161724.27,37.87,121512.76,,,,,,,,,,,,,,,,,,,,,,,,,,,,,,,
119,std,0,0,0,0.18,2297.59,,,,,,,,,,,,,,,,,,,,,,,,,,,,,,,
120,run_0,FD004-->FD002,31.31064525,96527.0635,28.56328891,60935.12173,,,,,,,,,,,,,,,,,,,,,,,,,,,,,,,
121,run_1,FD004-->FD002,31.31064525,96527.0635,29.43849549,63841.0096,,,,,,,,,,,,,,,,,,,,,,,,,,,,,,,
122,run_2,FD004-->FD002,31.31064525,96527.0635,29.24589759,64224.38102,,,,,,,,,,,,,,,,,,,,,,,,,,,,,,,
123,run_3,FD004-->FD002,31.31064525,96527.0635,29.14530402,63747.22444,,,,,,,,,,,,,,,,,,,,,,,,,,,,,,,
124,run_4,FD004-->FD002,31.31064525,96527.0635,28.45389131,64056.85045,,,,,,,,,,,,,,,,,,,,,,,,,,,,,,,
125,run_5,FD004-->FD002,31.31064525,96527.0635,28.80213378,61105.2795,,,,,,,,,,,,,,,,,,,,,,,,,,,,,,,
126,run_6,FD004-->FD002,31.31064525,96527.0635,29.2334536,62685.59282,,,,,,,,,,,,,,,,,,,,,,,,,,,,,,,
127,run_7,FD004-->FD002,31.31064525,96527.0635,28.49760686,62547.70641,,,,,,,,,,,,,,,,,,,,,,,,,,,,,,,
128,run_8,FD004-->FD002,31.31064525,96527.0635,28.38210546,60102.37284,,,,,,,,,,,,,,,,,,,,,,,,,,,,,,,
129,run_9,FD004-->FD002,31.31064525,96527.0635,28.9307755,64634.24862,,,,,,,,,,,,,,,,,,,,,,,,,,,,,,,
130,mean,0,31.31,96527.06,28.87,62787.98,,,,,,,,,,,,,,,,,,,,,,,,,,,,,,,
131,std,0,0,0,0.36,1505.2,,,,,,,,,,,,,,,,,,,,,,,,,,,,,,,
132,run_0,FD004-->FD003,19.25913982,1861.005545,14.99261456,854.5503141,,,,,,,,,,,,,,,,,,,,,,,,,,,,,,,
133,run_1,FD004-->FD003,19.25913982,1861.005545,14.01691589,459.1258841,,,,,,,,,,,,,,,,,,,,,,,,,,,,,,,
134,run_2,FD004-->FD003,19.25913982,1861.005545,14.28889112,587.0491407,,,,,,,,,,,,,,,,,,,,,,,,,,,,,,,
135,run_3,FD004-->FD003,19.25913982,1861.005545,15.095156,889.5933873,,,,,,,,,,,,,,,,,,,,,,,,,,,,,,,
136,run_4,FD004-->FD003,19.25913982,1861.005545,14.26300611,707.4211397,,,,,,,,,,,,,,,,,,,,,,,,,,,,,,,
137,run_5,FD004-->FD003,19.25913982,1861.005545,14.01598511,537.6374031,,,,,,,,,,,,,,,,,,,,,,,,,,,,,,,
138,run_6,FD004-->FD003,19.25913982,1861.005545,14.35589314,540.7876821,,,,,,,,,,,,,,,,,,,,,,,,,,,,,,,
139,run_7,FD004-->FD003,19.25913982,1861.005545,14.26240177,638.4618401,,,,,,,,,,,,,,,,,,,,,,,,,,,,,,,
140,run_8,FD004-->FD003,19.25913982,1861.005545,14.05527191,530.3652441,,,,,,,,,,,,,,,,,,,,,,,,,,,,,,,
141,run_9,FD004-->FD003,19.25913982,1861.005545,13.9826129,439.2016175,,,,,,,,,,,,,,,,,,,,,,,,,,,,,,,
142,mean,0,19.26,1861.01,14.33,618.42,,,,,,,,,,,,,,,,,,,,,,,,,,,,,,,
143,std,0,0,0,0.38,147.11,,,,,,,,,,,,,,,,,,,,,,,,,,,,,,,
144,FD001-->FD002,RMSE,19.95 ± 0.30,,,,,,,,,,,,,,,,,,,,,,,,,,,,,,,,,,
145,FD001-->FD002,Score,4573.82 ± 439.01,,,,,,,,,,,,,,,,,,,,,,,,,,,,,,,,,,
146,FD001-->FD003,RMSE,39.64 ± 0.24,,,,,,,,,,,,,,,,,,,,,,,,,,,,,,,,,,
147,FD001-->FD003,Score,10604.50 ± 343.51,,,,,,,,,,,,,,,,,,,,,,,,,,,,,,,,,,
148,FD001-->FD004,RMSE,31.91 ± 0.31,,,,,,,,,,,,,,,,,,,,,,,,,,,,,,,,,,
149,FD001-->FD004,Score,12197.39 ± 864.98,,,,,,,,,,,,,,,,,,,,,,,,,,,,,,,,,,
150,FD002-->FD001,RMSE,14.24 ± 0.15,,,,,,,,,,,,,,,,,,,,,,,,,,,,,,,,,,
151,FD002-->FD001,Score,451.24 ± 21.88,,,,,,,,,,,,,,,,,,,,,,,,,,,,,,,,,,
152,FD002-->FD003,RMSE,32.82 ± 0.65,,,,,,,,,,,,,,,,,,,,,,,,,,,,,,,,,,
153,FD002-->FD003,Score,3536.10 ± 386.70,,,,,,,,,,,,,,,,,,,,,,,,,,,,,,,,,,
154,FD002-->FD004,RMSE,34.73 ± 0.68,,,,,,,,,,,,,,,,,,,,,,,,,,,,,,,,,,
155,FD002-->FD004,Score,12949.19 ± 1413.74,,,,,,,,,,,,,,,,,,,,,,,,,,,,,,,,,,
156,FD003-->FD001,RMSE,19.88 ± 0.72,,,,,,,,,,,,,,,,,,,,,,,,,,,,,,,,,,
157,FD003-->FD001,Score,1375.32 ± 166.10,,,,,,,,,,,,,,,,,,,,,,,,,,,,,,,,,,
158,FD003-->FD002,RMSE,23.48 ± 0.41,,,,,,,,,,,,,,,,,,,,,,,,,,,,,,,,,,
159,FD003-->FD002,Score,21198.61 ± 2599.15,,,,,,,,,,,,,,,,,,,,,,,,,,,,,,,,,,
160,FD003-->FD004,RMSE,26.12 ± 0.61,,,,,,,,,,,,,,,,,,,,,,,,,,,,,,,,,,
161,FD003-->FD004,Score,47075.63 ± 18909.15,,,,,,,,,,,,,,,,,,,,,,,,,,,,,,,,,,
162,FD004-->FD001,RMSE,37.87 Â± 0.18,,,,,,,,,,,,,,,,,,,,,,,,,,,,,,,,,,
163,FD004-->FD001,Score,121512.76 ± 2297.59,,,,,,,,,,,,,,,,,,,,,,,,,,,,,,,,,,
164,FD004-->FD002,RMSE,28.87 ± 0.36,,,,,,,,,,,,,,,,,,,,,,,,,,,,,,,,,,
165,FD004-->FD002,Score,62787.98 ± 1505.20,,,,,,,,,,,,,,,,,,,,,,,,,,,,,,,,,,
166,FD004-->FD003,RMSE,14.33 ± 0.38,,,,,,,,,,,,,,,,,,,,,,,,,,,,,,,,,,
167,FD004-->FD003,Score,618.42 ± 147.11,,,,,,,,,,,,,,,,,,,,,,,,,,,,,,,,,,
168,FD001-->FD002,19.95,0.3,4573.82,439.01,,,,,,,,,,,,,,,,,,,,,,,,,,,,,,,,
169,FD001-->FD003,39.64,0.24,10604.5,343.51,,,,,,,,,,,,,,,,,,,,,,,,,,,,,,,,
170,FD001-->FD004,31.91,0.31,12197.39,864.98,,,,,,,,,,,,,,,,,,,,,,,,,,,,,,,,
171,FD002-->FD001,14.24,0.15,451.24,21.88,,,,,,,,,,,,,,,,,,,,,,,,,,,,,,,,
172,FD002-->FD003,32.82,0.65,3536.1,386.7,,,,,,,,,,,,,,,,,,,,,,,,,,,,,,,,
173,FD002-->FD004,34.73,0.68,12949.19,1413.74,,,,,,,,,,,,,,,,,,,,,,,,,,,,,,,,
174,FD003-->FD001,19.88,0.72,1375.32,166.1,,,,,,,,,,,,,,,,,,,,,,,,,,,,,,,,
175,FD003-->FD002,23.48,0.41,21198.61,2599.15,,,,,,,,,,,,,,,,,,,,,,,,,,,,,,,,
176,FD003-->FD004,26.12,0.61,47075.63,18909.15,,,,,,,,,,,,,,,,,,,,,,,,,,,,,,,,
177,FD004-->FD001,37.87,0.18,121512.76,2297.59,,,,,,,,,,,,,,,,,,,,,,,,,,,,,,,,
178,FD004-->FD002,28.87,0.36,62787.98,1505.2,,,,,,,,,,,,,,,,,,,,,,,,,,,,,,,,
179,FD004-->FD003,14.33,0.38,618.42,147.11,,,,,,,,,,,,,,,,,,,,,,,,,,,,,,,,
,,26.98666667,,24906.74667,,,,,,,,,,,,,,,,,,,,,,,,,,,,,,,,,
